PoiId;nome;latitude;longitude;tipo;endereco
1;Giraffas;-12.9366876;-38.3945855;fast food;Av. Luís Viana Filho  8544 - Paralela  Salvador - BA  41730-101  Brazil
2;Spoleto;-12.9373883;-38.3952245;fast food;Av. Luís Viana Filho  8544 - Paralela  Salvador - BA  41730-101  Brazil
3;McDonald's;-12.9092181;-38.3518164;fast food;Rodovia  BA-526  305  Salvador - BA  41510-000  Brazil
4;Giraffas;-12.9094541;-38.35067799999999;fast food;Rod Ba 526 305-piso  L3 Salão coml 3013 - São Cristóvão  Salvador - BA  41510-000  Brazil
5;Subway;-12.935377;-38.392347;fast food;Campus FTC - Av. Luís Viana Filho  8812 - Loja 16 - Paralela  Salvador - BA  41730-101  Brazil
6;Bob's Shakes;-12.9137223;-38.3357009;fast food;Praça Gago Coutinho  S/N - São Cristóvão  Salvador - BA  41510-055  Brazil
7;Giraffas;-12.9137397;-38.3344951;fast food;Salvador International Airport - Deputado Luís Eduardo Magalhães - Praça Gago Coutinho  S/N - São Cristóvão  Salvador - BA  41510-045  Brazil
8;Spoleto;-12.9817592;-38.4642417;fast food;Shopping da Bahia - Av. Tancredo Neves  148 - Caminho das Árvores  Salvador - BA  41820-908  Brazil
9;McDonald's;-13.0125729;-38.4834309;fast food;Rua Oswaldo Cruz  s/n - Rio Vermelho  Salvador - BA  41940-000  Brazil
10;Subway;-12.9392897;-38.3422141;fast food;Alameda Dilson Jatahy Fonseca  601 - Stella Maris  Salvador - BA  41600-100  Brazil
11;McDonald's;-12.9782386;-38.4550994;fast food;Av. Tancredo Neves  2915 - Store 3028 / 3029 - Caminho das Árvores  Salvador - BA  41820-021  Brazil
12;Sal e Brasa Grill Express Salvador Norte Shopping;-12.9095109;-38.3507427;fast food;BA-526  305 - São Cristóvão  Salvador - BA  41510-000  Brazil
13;McDonald's;-12.9817061;-38.4646255;fast food;Av. Tancredo Neves  148 - quadra Z3 loja 11 - Caminho das Árvores  Salvador - BA  41828-900  Brazil
14;Bob's;-12.9817925;-38.464633;fast food;Av. Tancredo Neves  148 - Caminho das Árvores  Salvador - BA  41820-908  Brazil
15;McDonald's;-12.9781868;-38.4652023;fast food;Avenida Antonio Carlos Magalhaes - Estação Rodoviaria: Espaço 22 Terreo - Pituba  Salvador - BA  41800-700  Brazil
16;TacoShake;-12.9905793;-38.4631736;fast food;Rua das Hortênsias  942 - Pituba  Salvador - BA  41810-010  Brazil
17;McDonald's;-12.9884586;-38.4679306;fast food;Av. Antônio Carlos Magalhães  s/nº - área 4  Salvador - BA  41850-000  Brazil
18;Tabuleiro;-12.9137008;-38.3348494;fast food;Aeroporto Internacional de Salvador  Praça Gago Coutinho - Dep. Luís Eduardo Magalhães  3003 - São Cristóvão  Salvador - BA  41510-055  Brazil
19;Bob's Shakes;-12.9094717;-38.3512129;fast food;Salvador Norte Shopping  R. Getúlio Vargas de São Cristóvão  305 - São Cristóvão  Salvador - BA  41510-000  Brazil
20;McDonald's;-12.9706124;-38.4741533;fast food;R. dos Rodoviários - Cabula  Salvador - BA  41150-575  Brazil
21;Praia de Itapuã;-12.95052;-38.36654;beach;Praia de Itapuã - Itapuã  Salvador - State of Bahia  41610-160  Brazil
22;Praia do Porto da Barra;-13.0038021;-38.5326932;beach;Praia do Porto da Barra - Av. Sete de Setembro  s/n - Barra  Salvador - BA  40140-030  Brazil
23;Praia Do Flamengo;-12.9294757;-38.3189825;beach;Praia Do Flamengo - R. Godofredo Filho  nº 1911 - Praia do Flamengo  Salvador - BA  41603-285  Brazil
24;Salvador Beach Club;-12.9661911;-38.4038636;beach;Salvador Beach Club - Av. Octávio Mangabeira  2012 - Patamares  Salvador - BA  41680-000  Brazil
25;Boa Viagem Beach;-12.931072;-38.515701;beach;Boa Viagem Beach  Salvador - State of Bahia  40301-155  Brazil
26;Praia Itapuã;-12.9513612;-38.3717127;beach;Praia Itapuã - Av. Octávio Mangabeira - Piatã  Salvador - BA  Brazil
27;Praia de Piatã;-12.9547946;-38.3826836;beach;Av. Octávio Mangabeira - Piatã  Salvador - BA  41610-160  Brazil
28;Ondina Beach;-13.0103784;-38.5120368;beach;Ondina Beach - Ondina  Salvador - State of Bahia  40170-010  Brazil
29;Stella Maris beach;-12.9488167;-38.341097;beach;Stella Maris beach  State of Bahia  41600-090  Brazil
30;Farol da Barra;-13.0098997;-38.5284848;beach;Farol da Barra  Salvador - State of Bahia  Brazil
31;Praia de Amaralina;-13.014284;-38.47684270000001;beach;Praia de Amaralina  State of Bahia  Brazil
32;Praia do Farol;-12.952961;-38.348126;beach;Praia do Farol - Itapuã  Salvador - State of Bahia  41600-090  Brazil
33;Chega Nego Beach;-13.0013978;-38.4492581;beach;Chega Nego Beach  Salvador - State of Bahia  40301-155  Brazil
34;Praia De Itapuã;-12.9541065;-38.3597732;beach;R. da Poesia  114 - Itapuã  Salvador - BA  41640-485  Brazil
35;Stella Maris - Bahia;-12.935568;-38.3256759;beach;Stella Maris - Bahia - Av. Beira Mar  1-131 - Stella Maris  Salvador - BA  41600-677  Brazil
36;Praia da 3a Ponte;-12.960843;-38.39589;beach;Praia da 3a Ponte  Salvador - State of Bahia  Brazil
37;Praia de Piatã;-12.9561186;-38.3861331;beach;Praia de Piatã  State of Bahia  Brazil
38;Praia da Paciencia;-13.0108371;-38.4970545;beach;Praia da Paciencia - Rio Vermelho  Salvador - State of Bahia  40170-010  Brazil
39;Praia do Flamengo;-12.9289187;-38.3178968;beach;Praia do Flamengo  Salvador - State of Bahia  Brazil
40;Praia do Rio Vermelho;-13.0116048;-38.4924984;beach;Praia do Rio Vermelho  State of Bahia  Brazil
41;Catussaba Resort Hotel;-12.9464128;-38.3399462;amusement_park;Alamedas da Praia  S/N - Itapuã  Salvador - BA  41600-460  Brazil
42;Playland - Shopping da Bahia;-12.9814759;-38.4640329;amusement_park;Shopping da Bahia  Av. Tancredo Neves  148 - Caminho das Árvores  Salvador - BA  41100-800  Brazil
43;Praça Poeta Carlos Torres;-12.9388925;-38.3693175;amusement_park;R. Alberto Vita  110-170 - Itapuã  Salvador - BA  41301-110  Brazil
44;Parquinho Infantil;-12.9967177;-38.4740943;amusement_park;Av. Antônio Carlos Magalhães  1195 - Pituba  Salvador - BA  40301-155  Brazil
45;Salvador International Airport - Deputado Luís Eduardo Magalhães;-12.9110977;-38.3312411;amusement_park;Praça Gago Coutinho  s/n - São Cristóvão  Salvador - BA  41520-970  Brazil
46;Parque;-12.9381954;-38.40478299999999;amusement_park;Paralela  Salvador - State of Bahia  41301-110  Brazil
47;Fiesta Park;-12.936135;-38.4003583;amusement_park;Av. Luís Viana Filho  7731 - Paralela  Salvador - BA  41745-130  Brazil
48;Hotel Vila Galé Salvador;-13.0096803;-38.5168489;amusement_park;R. Morro do Escravo Miguel  320 - Ondina  Salvador - BA  40170-000  Brazil
49;Mar Brasil Hotel;-12.9545599;-38.3522986;amusement_park;Farol de Itapuã - Casa de Vinicius de Moraes  R. Flamengo  44 - Itapuã  Salvador - BA  41635-480  Brazil
50;Praça Ilê Axé Babá Aláidê;-12.9018665;-38.402943;amusement_park;Rua Valdeloir Rego  26 - Cajazeiras  Salvador - BA  41342-385  Brazil
51;Hotel Golden Park Salvador;-13.0099519;-38.4667085;amusement_park;Av. Manoel Dias da Silva  979 - Pituba  Salvador - BA  41830-000  Brazil
52;Rancho do Mané;-12.9060566;-38.3816221;amusement_park;Tv. Francisco Borges de Almeida  16 - São Cristóvão  Salvador - BA  41510-301  Brazil
53;Complexo do Kev;-12.934708;-38.472705;amusement_park;Vila Tiradentes  numero 56 - São Caetano  Salvador - BA  40391-318  Brazil
54;Dominó do alto alegria;-13.0101066;-38.5009978;amusement_park;R. Manoel Rangel  52 - Rio Vermelho  Salvador - BA  41950-360  Brazil
55;Big Jump Parque de Trampolins e Eventos;-12.9438143;-38.3849934;amusement_park;Av. Orlando Gomes  1296 - Piatã  Salvador - BA  41650-010  Brazil
56;AABB - Salvador;-12.944532;-38.3805566;amusement_park;R. Dep. Paulo Jackson  869 - Piatã  Salvador - BA  41650-020  Brazil
57;Bahiacafé Hotel;-12.9736914;-38.5109914;amusement_park;Praça da Sé  22 - Centro  Salvador - BA  40020-210  Brazil
58;YouPlay Shopping Paralela;-12.9366876;-38.3945855;amusement_park;Av. Luís Viana Filho  8544 - Patamares  Salvador - BA  41730-101  Brazil
59;Praça da paz;-12.8727293;-38.3530673;amusement_park;praça da paz  Bairro - Parque Sao Paulo  Lauro de Freitas - BA  42700-000  Brazil
60;Parquenovo;-12.8960012;-38.342196;amusement_park;Rua Meire Teixeira  Loteamento Jardim Centenário  Quadra D  Lote 1 - Itingá  Lauro de Freitas - BA  42700-000  Brazil
61;RV Culture and Art;-13.010833;-38.491897;art_gallery;Av. Cardeal da Silva  158 - Rio Vermelho  Salvador - BA  41950-495  Brazil
62;Acervo Galeria de Arte;-12.9850996;-38.4611861;art_gallery;Alameda dos Umbuzeiros  25 - Loja 03 - Caminho das Árvores  Salvador - BA  41820-680  Brazil
63;Luz de Toráh | Galeria de Arte em Salvador;-13.0085084;-38.5011633;art_gallery;R. do Côrte Grande  58 - Loja terreo - Rio Vermelho  Salvador - BA  41950-260  Brazil
64;Midlej Galeria de Arte;-12.9850358;-38.4580604;art_gallery;Alameda das Cajazeiras  138 - Caminho das Árvores  Salvador - BA  41820-470  Brazil
65;L. Folgueira Contemporary Art;-12.9734954;-38.5086988;art_gallery;Rua Gregório de Mattos  nº 15 Pelourinho - Centro  Salvador - BA  40026-240  Brazil
66;Hastalaluna;-12.9708788;-38.5126835;art_gallery;Av. Estados Unidos  258 / 311 - Comercio  Salvador - BA  40010-020  Brazil
67;TRIA Galeria de Arte;-12.9852523;-38.4604097;art_gallery;R. do Timbó  368 - Caminho das Árvores  Salvador - BA  41820-660  Brazil
68;Leonel Mattos;-12.9790749;-38.4546117;art_gallery;Salvador Shopping - Av. Tancredo Neves  3133 - Caminho das Árvores  Salvador - BA  41820-021  Brazil
69;Galeria Cañizares UFBA;-12.9911905;-38.5211528;art_gallery;Av. Araújo Pinho  212 - Canela  Salvador - BA  41110-150  Brazil
70;Fabio Pena Cal Galeria de Arte;-12.983205;-38.4589308;art_gallery;Alameda das Espatódeas  479 - Caminho das Árvores  Salvador - BA  41820-460  Brazil
71;Menelaw Sete Pintura's;-12.9728474;-38.5088416;art_gallery;Rua João de Deus  núm  13 - Pelourinho  Salvador - BA  40026-010  Brazil
72;Desenho Realista Ssa-Aulas & Encomendas;-12.8921177;-38.4540195;art_gallery;Conjunto Pirajá 1 Bloco 05 Conjunto - Pirajá  Salvador - BA  41290-540  Brazil
73;ZECA FERNANDES Galeria de Arte;-12.9848045;-38.4569999;art_gallery;Alameda dos Mulungús  83 - Caminho das Árvores  Salvador - BA  41820-490  Brazil
74;D&L GALLERY;-12.9340858;-38.3358251;art_gallery;quadra 697  R. Euler de Pereira Cardoso - Stella Maris  Salvador - BA  41600-045  Brazil
75;Sandra Bravo Caligrafia e Plastificação;-13.0088016;-38.4848574;art_gallery;Rua Rodrigo Argollo  455 - Rio Vermelho  Salvador - BA  41940-220  Brazil
76;Ateliê 29;-12.967597;-38.5071375;art_gallery;Centro Histórico  R. do Carmo  72 - Santo Antonio  Salvador - BA  40301-380  Brazil
77;Galeria Sunset Boulevar;-13.0043808;-38.5312846;art_gallery;Condomínio Edifício Daniel - R. César Zama  129 - Barra  Salvador - BA  40140-030  Brazil
78;Aleluia Artes;-12.9167089;-38.3646467;art_gallery;16 41490 350 - R. Dr. Artur Couto  09 - Mussurunga I  Salvador - BA  41490-350  Brazil
79;Galeria Fundação Pierre Verger;-12.973877;-38.511772;art_gallery;R. da Misericórdia  09 - Loja 01 - Centro  Salvador - BA  40020-200  Brazil
80;Roberto Alban Gallery;-13.0096193;-38.5087891;art_gallery;R. Senta Púa  53 - Ondina  Salvador - BA  40170-180  Brazil
81;House Cupcake;-12.9514518;-38.348341;bakery;R. do Gato Arisco  145 - Itapuã  Salvador - BA  41620-320  Brazil
82;JH Decorated Cakes;-12.8962796;-38.4298689;bakery;Caminho 7 - Cajazeiras 6  Salvador - BA  41336-100  Brazil
83;Padaria Portugal;-12.9495448;-38.3648894;bakery;Praça Dorival Caymmi  50 - Itapuã  Salvador - BA  41620-500  Brazil
84;Paula Cake Design;-12.947428;-38.376274;bakery;R. Juíz Orlando Heleno de Melo  19 - Piatã  Salvador - BA  41650-465  Brazil
85;Sara Bolos Decorados 46 2° Andar;-12.8689242;-38.4740835;bakery;R. Cambuí  54 - Periperi  Salvador - BA  40720-500  Brazil
86;Padaria salvador;-12.9074936;-38.3668838;bakery;R. Arquiteto Marcos Moreira Solter  Parque - São Cristóvão  Salvador - BA  41510-808  Brazil
87;Panificadora Dgust;-12.9172235;-38.35972599999999;bakery;Setor C  R. Dr. Artur Couto  62 - Mussurunga I  Salvador - BA  41490-350  Brazil
88;Casa dos Bolos Vovó Zete;-12.997946;-38.462111;bakery;Av. Antônio Carlos Magalhães  480 - Itaigara  Salvador - BA  41825-000  Brazil
89;ROCLAY;-12.9738492;-38.4900494;bakery;Av. Brasil  28 - Vila Laura  Salvador - BA  40270-600  Brazil
90;Bread Boutique Delicatessen;-12.9713114;-38.4353865;bakery;R. das Gaivotas  198 - Imbuí  Salvador - BA  41720-070  Brazil
91;Padaria Belo Rústico;-12.9906479;-38.4574516;bakery;R. das Rosas  514 - Pituba  Salvador - BA  41810-070  Brazil
92;Panificadora e Lanchonete Sal & Mel;-12.9137968;-38.3533918;bakery;R. da Adutora  35 - São Cristóvão  Salvador - BA  41500-385  Brazil
93;Rancho do Bolo;-13.0009711;-38.4553784;bakery;R. Território do Guaporé  344 - Pituba  Salvador - BA  41830-520  Brazil
94;Bolos da Loi;-12.9971196;-38.4936566;bakery;Av. Vasco da Gama  485 - Engenho Velho da Federação  Salvador - BA  40230-731  Brazil
95;Village Bread;-12.9491939;-38.3714596;bakery;R. Srg. Walmir Bannach  8 - Jardim Placaford  Salvador - BA  41610-130  Brazil
96;Yummy Cakes;-12.9183612;-38.3754199;bakery;Setor J  Rua D  Caminho 19  Casa 03 - Mussurunga II  Salvador - BA  41480-040  Brazil
97;Delicatessen Brioche;-12.9174103;-38.3707398;bakery;Rua J setor H  Caminho 30 - Mussurunga I  Salvador - BA  41490-450  Brazil
98;Best Bread bakery;-12.9861242;-38.4481756;bakery;rua Ivan Barreto de carvalho  número 1  Stiep - Stiep  Salvador - BA  41760-000  Brazil
99;Tortarelli;-12.9790877;-38.4544729;bakery;Av. Tancredo Neves  3133 - Caminho das Árvores  Salvador - BA  41820-021  Brazil
100;Panificadora Rey Do Pão;-12.9178197;-38.36964589999999;bakery;Rua J  37 - Mussurunga I  Salvador - BA  41490-476  Brazil
101;Bar Do Pepe;-12.9437347;-38.3686778;bar;R. da Ilha  36 - Itapuã  Salvador - BA  41620-620  Brazil
102;O Cravinho;-12.9731406;-38.5103061;bar;Largo Terreiro de Jesus  3 - Pelourinho  Salvador - BA  40026-010  Brazil
103;Alerta Praia Bar;-12.9506612;-38.3635003;bar;R. Aristídes Milton  516 - Itapuã  Salvador - BA  41301-110  Brazil
104;Five Sport Bar - Shopping Paralela;-12.9365739;-38.3952434;bar;Unidade Shopping Paralela Avenida Luís Viana Filho  nº 8544  Piso L2 - Paralela  Salvador - BA  41730-101  Brazil
105;Pipa Beach Club;-12.9218626;-38.3140869;bar;Alameda Cabo Frio  S/N  Salvador - BA  41603-135  Brazil
106;Blue Beach Bar;-13.0142478;-38.48245120000001;bar;R. Barro Vermelho  310 - Rio Vermelho  Salvador - BA  41940-340  Brazil
107;Rua 15 Restaurante e Bar;-12.9795299;-38.4299455;bar;Av. Iemanjá - Boca do Rio  Salvador - BA  41710-755  Brazil
108;Boteco Da Torre;-12.9502939;-38.3652875;bar;R. Aristídes Milton  s/n - Itapuã  Salvador - BA  41610-011  Brazil
109;Terapia Restaurante e Bar;-12.9693369;-38.4368642;bar;Av. Jorge Amado  16 - Imbuí  Salvador - BA  41720-110  Brazil
110;Bar Lagoa dos Frades;-12.9807799;-38.4436399;bar;Tv. Arnaldo Lopes da Silva  940 - Stiep  Salvador - BA  41770-850  Brazil
111;Le Petit Bar;-12.9401138;-38.3351686;bar;R. Cap. Melo  663 - Stella Maris  Salvador - BA  41.600  Brazil
112;Bar e Restaurante;-12.9125452;-38.4971898;bar;Av. Beira Mar  473 - Ribeira  Salvador - BA  40420-340  Brazil
113;Lôro - Praia do Flamengo;-12.9226105;-38.3148936;bar;R. Des. Manoel de Andrade Teixeira  266 - Praia do Flamengo  Salvador - BA  41603-135  Brazil
114;Bar Da Neuza - Point Do Mocotó;-12.9139649;-38.3671181;bar;Mussurunga I  Salvador - State of Bahia  41490-412  Brazil
115;Varanda Ferreira Bar e Restaurante;-12.9652172;-38.4326806;bar;Estr. das Pedrinhas  03 - Imbuí  Salvador - BA  41720-340  Brazil
116;Sal Marinho;-12.999919;-38.456829;bar;R. Território do Rio Branco  219 - Pituba  Salvador - BA  41830-530  Brazil
117;Bar & Restaurante Aconchego;-12.9194206;-38.3631426;bar;Caminho 18 | Mussurunga I Gleba A  S/N - Mussurunga I  Salvador - BA  41490-330  Brazil
118;30 Segundos Bar;-13.0092794;-38.4915051;bar;R. Ilhéus  21 - Rio Vermelho  Salvador - BA  41940-570  Brazil
119;Nova Alegria Bar e Restaurante;-12.9693386;-38.437136;bar;Av. Jorge Amado  s/n - Imbuí  Salvador - BA  41720-005  Brazil
120;BÃO Petiscaria;-12.97853;-38.4450989;bar;R. Manoel Joaquim Alves  314 - Stiep  Salvador - BA  41770-165  Brazil
121;Restaurante Itapuã;-12.9496571;-38.3691467;cafe;R. Flôr do Bosque  126 - Itapuã  Salvador - BA  41610-190  Brazil
122;Grão Santo Café;-12.9409191;-38.4156929;cafe;Patamares  Salvador - BA  41301-110  dentro do ferreira cosat  terreo - Patamares  BA  Brazil
123;Cafeteria Havanna - Salvador Norte Shopping;-12.9092115;-38.3516729;cafe;RODOVIA  BA-526  305 - São Cristóvão  Salvador - BA  41510-000  Brazil
124;CAFE COLONIAL AS TRÊS MARIAS;-12.9342162;-38.3441425;cafe;Alameda da Praia - Praia de Caratingui  nº 74 - Centro Comercial Tropical Center - Stella Maris  Salvador - BA  41600-115  Brazil
125;Cafeteria Toxerina | Salvador | Bahia;-12.9572478;-38.4508685;cafe;R. Antônio Carlos Magalhães - Saboeiro  Salvador - BA  41192-065  Brazil
126;Casa di Vina Restaurante;-12.9545998;-38.3523016;cafe;R. Flamengo  44 - Itapuã  Salvador - BA  41635-480  Brazil
127;Touro Louco;-12.9445927;-38.3408498;cafe;Alameda Praia de Camburiú  108 - Stella Maris  Salvador - BA  41600-460  Brazil
128;Lucca Specialty Coffees;-12.9785827;-38.4547971;cafe;Av. Tancredo Neves Stiep - Pernambués  Salvador - BA  41820-000  Brazil
129;Beach Stop;-12.932848;-38.3287828;cafe;R. José Augusto Tourinho Dantas  214 - Stella Maris  Salvador - BA  41603-110  Brazil
130;Coffeetown Salvador;-12.9892871;-38.5235395;cafe;Av. Sete de Setembro  1755 - Vitória  Salvador - BA  40080-002  Brazil
131;Solange Café- Graça;-12.9968597;-38.5216604;cafe;R. da Paz  18 - Graça  Salvador - BA  40150-140  Brazil
132;Mokeka Brasil;-12.9757376;-38.4201723;cafe;Av. Octávio Mangabeira  Salvador - BA  41706-690  Brazil
133;Mistura;-12.9545294;-38.3549363;cafe;R. Prof. Souza Brito  41 - Itapuã  Salvador - BA  41640-485  Brazil
134;Casa Castanho;-13.0097359;-38.4948744;cafe;R. Alexandre de Gusmão  57 - Rio Vermelho  Salvador - BA  41950-160  Brazil
135;Ferreiro Café Salvador;-12.9778667;-38.4544654;cafe;Av. Tancredo Neves  2915 - 1035 - Caminho das Árvores  Salvador - BA  41820-021  Brazil
136;Portal da Bahia;-12.9374373;-38.3953565;cafe;Av. Luís Viana Filho  8544 - Paralela  Salvador - BA  41730-101  Brazil
137;Ki-Mukeka (Itapuã);-12.9539235;-38.3509455;cafe;Rua do Vento Sul QD 3  lote 5 - Itapuã  Salvador - BA  41620-290  Brazil
138;Porto Brasil;-12.9918717;-38.4532083;cafe;Rua Miguel Navarro Y Cañizares  428 - Pituba  Salvador - BA  41810-215  Brazil
139;Bar do Mamão;-12.9476971;-38.3606972;cafe;R. Min. Carlos Coqueijo Costa  103 - Itapuã  Salvador - BA  41620-810  Brazil
140;Bar Zulu;-12.9742321;-38.5082679;cafe;R. das Laranjeiras  15 - Pelourinho  Salvador - BA  40026-230  Brazil
141;Solange Biscoitos Finos;-12.9940594;-38.4592106;cafe;Rua das Hortênsias  422 - Pituba  Salvador - BA  41810-000  Brazil
142;Empório Gourmet;-12.9388464;-38.4045368;cafe;Alpha Mall - Av. Alphaville  151 - Shopping  Salvador - BA  41701-015  Brazil
143;Rango Vegan;-12.9693377;-38.5080026;cafe;R. do Passo  nº 62 - Santo Antonio  Salvador - BA  40301-408  Brazil
144;Tortarelli;-12.9937171;-38.4602124;cafe;Rua das Hortênsias  552 - Itaigara  Salvador - BA  41810-010  Brazil
145;Doce Café Delicatessen;-12.9750321;-38.4213213;cafe;473  Av. Dom Eugênio Sales  449 - Boca do Rio  Salvador - BA  41706-670  Brazil
146;San Salvador;-12.9840716;-38.4501619;cafe;R. Edístio Pondé  353 - Loja 12 - Stiep  Salvador - BA  41770-395  Brazil
147;Frutos do Brasil;-12.8977372;-38.40723940000001;cafe;Av. Engenheiro  Av. Engenheiro Raymundo Carlos Nery  25 - 1 - Cajazeiras 10  Salvador - BA  41339-050  Brazil
148;Casa de Noca;-13.0069098;-38.4605981;cafe;R. Espírito Santo  106 - Pituba  Salvador - BA  41830-001  Brazil
149;Tropicália Gelato e Caffé;-12.9739622;-38.511772;cafe;R. da Misericórdia  7 - loja 3 - Pelourinho  Salvador - BA  40026-045  Brazil
150;Casa do Pão de Queijo;-12.9361398;-38.3946903;cafe;shopping paralela  Av. Luís Viana Filho  8544 - Loja C 209 - Patamares  Salvador - BA  41730-101  Brazil
151;PEREIRA CAFÉ;-13.006696;-38.523833;cafe;Av. Centenário  2992 - Loja 211 - Barra  Salvador - BA  40140-902  Brazil
152;Saúde Brasil;-12.9964913;-38.5212159;cafe;R. Humberto de Campos  6 - Graça  Salvador - BA  40150-130  Brazil
153;Cathedrall;-12.94339;-38.33917;cafe;Alameda Praia de Camburiú  16 - Stella Maris  Salvador - BA  41600-250  Brazil
154;Xodó Café;-12.9938927;-38.4582415;cafe;R. Alexandre de Humboldt  65 - Pituba  Salvador - BA  41810-030  Brazil
155;Frio Gostoso;-12.9698752;-38.4907657;cafe;R. Nilson Costa  157 - Vila Laura  Salvador - BA  40270-550  Brazil
156;Cafélier;-12.9680461;-38.5074128;cafe;R. do Carmo  50 - Santo Antônio Além do Carmo  Salvador - BA  40301-380  Brazil
157;Sabores De Itapuã;-12.9337123;-38.3588047;cafe;Av. Dorival Caymmi  1 - Itapuã  Salvador - BA  41635-151  Brazil
158;EVS Itapuã;-12.9439408;-38.3658608;cafe;Av. Dorival Caymmi  14193 - Sala 113 - Itapuã  Salvador - BA  41635-150  Brazil
159;Café Gourmet CGC;-12.9734049;-38.51076430000001;cafe;Praça da Sé  s/n - Centro  Salvador - BA  40020-210  Brazil
160;Donaeva;-12.9396404;-38.3348327;cafe;Rua Gilberto Freyre  Qd. E  Lt. 4 - Praia do Flamengo  Salvador - BA  41600-590  Brazil
161;Restaurante Brasil Legal;-13.0089958;-38.5307855;cafe;R. Afonso Celso  152 - Barra  Salvador - BA  40140-230  Brazil
162;Cantina Na Passagem;-12.9559174;-38.3928618;cafe;Rua Desembargador Polibio Mendes da Silva - 67 - Jaquaribe - Piatã  Salvador - BA  41613-078  Brazil
163;Villa Bahiana;-12.9506867;-38.3625545;cafe;Villa Bahiana - Rua Professor Souza Brito  1 - Itapuã  Salvador - BA  41.640  Brazil
164;Barbacoa Salvador;-12.9789886;-38.4576881;cafe;Av. Tancredo Neves  909 - Caminho das Árvores  Salvador - BA  41820-021  Brazil
165;Subway;-12.9372792;-38.4095337;cafe;Av. Luís Viana Filho  6775 - Trobogy  Salvador - BA  41745-130  Brazil
166;Carne do Sol da Marlene;-12.950038;-38.3659577;cafe;R. Paraíso Verde  17 - Itapuã  Salvador - BA  41610-300  Brazil
167;McDonald's;-12.9092181;-38.3518164;cafe;Rodovia  BA-526  305  Salvador - BA  41510-000  Brazil
168;Restaurante Porto Brasil Salvador;-13.008083;-38.518908;cafe;Salvador - State of Bahia  40140-130  Brazil
169;Cold Hot Coffee;-13.0023313;-38.4557422;cafe;R. Bahia  363 - Pituba  Salvador - BA  41830-161  Brazil
170;CAFETERIA FLORIDA;-13.0039875;-38.5023199;cafe;Av. Anita Garibaldi  1815 - Ondina  Salvador - BA  40170-120  Brazil
171;Restaurante Sabor Brasil;-12.974044;-38.5115011;cafe;Praça da Sé  398 - Pelourinho  Salvador - BA  40020-210  Brazil
172;Acarajé da Cira;-12.9503996;-38.3627759;cafe;em frente ao Posto 12 - R. Aristídes Milton  s/nº - Itapuã  Salvador - BA  41610-160  Brazil
173;Kamba Café & Lanches e Coffee Breaks;-12.982509;-38.4551306;cafe;Shopping Sumaré  Av. Tancredo Neves  1506 - Caminho das Árvores  Salvador - BA  41820-020  Brazil
174;Paraíso Tropical;-12.9602085;-38.4636202;cafe;Rua Edgard Loureiro  98 - B - Cabula  Salvador - BA  40342-100  Brazil
175;Jerimum Buffet Café;-12.986954;-38.4585;cafe;R. Várzea de Santo Antônio  203 - Pituba  Salvador - BA  41820-180  Brazil
176;JDE Coffee;-12.9211941;-38.456211;cafe;R. do Luxemburgo  586 - Granjas Rurais Pres. Vargas  Salvador - BA  41230-130  Brazil
177;Rei da Pamonha;-12.9223502;-38.3596992;cafe;Itapuã  Salvador - State of Bahia  Brazil
178;Point Da Pizza;-12.9044349;-38.3680136;cafe;Cassange  Salvador - State of Bahia  41301-110  Brazil
179;Nonna Café;-12.9992456;-38.455;cafe;Av. Paulo VI  355 - loja 5 - Pituba  Salvador - BA  41810-001  Brazil
180;Clube Café;-12.9797069;-38.45143280000001;cafe;Av. Tancredo Neves  2421 - Caminho das Árvores  Salvador - BA  41820-560  Brazil
190;Cinemark;-12.9779888;-38.45446829999999;movie_theater;Av. Tancredo Neves  2915 - Loja 3005 - Caminho das Árvores  Salvador - BA  41820-910  Brazil
191;Espaço Itaú de Cinema - Salvador;-12.9772187;-38.5143266;movie_theater;Praça Castro Alves  s/n - Centro  Salvador - BA  40020-160  Brazil
192;Cinema e Vídeo;-12.9350988;-38.3922428;movie_theater;Patamares  Salvador - State of Bahia  41741-590  Brazil
193;Cine Daten Paseo;-12.9955401;-38.4712012;movie_theater;Rua Rubens Guelli  135 - Itaigara  Salvador - BA  41815-135  Brazil
194;Cinépolis;-12.9094444;-38.3511111;movie_theater;Rod. BA 526  nº 305 3017 - São Cristóvão  Salvador - BA  41301-110  Brazil
195;Orient Cinemas;-12.9364406;-38.394295;movie_theater;Av. Luís Viana Filho  8.544 - Paralela  Salvador - BA  41730-101  Brazil
196;UCI Orient Shopping da Bahia;-12.9821815;-38.4634285;movie_theater;Av. Tancredo Neves  148 - Caminho das Árvores  Salvador - BA  41820-972  Brazil
197;UCI Orient Shopping Barra;-13.0058612;-38.5242594;movie_theater;Shopping Center Barra  Av. Centenário  2992 - Chame-Chame  Salvador - BA  40140-400  Brazil
198;UFBA Art Room;-12.995381;-38.518751;movie_theater;Av. Reitor Miguel Calmon  s/n  PAC Vale do - Canela  Salvador - BA  40110-100  Brazil
199;Rainha Cinema Digital;-12.9820278;-38.4538813;movie_theater;R. Frederico Simões  98 - Caminho das Árvores  Salvador - BA  41820-774  Brazil
200;Saladearte Film Museum;-12.9925765;-38.5254646;movie_theater;Av. Sete de Setembro  2195 - Vitória  Salvador - BA  40080-001  Brazil
201;Room Walter da Silveira;-12.9857652;-38.513292;movie_theater;R. Gen. Labatut  27 - Barris  Salvador - BA  40070-100  Brazil
202;Summer Lounge Drive In;-12.9825077;-38.4320255;movie_theater;Boca do Rio  Salvador - BA  41706-690 - Boca do Rio  Salvador - BA  41710-755  Brazil
203;Bahia Geological Museum;-12.9926116;-38.5254522;movie_theater;Av. Sete de Setembro  2195 - Vitória  Salvador - BA  40080-002  Brazil
204;Cine MAM;-12.9823188;-38.5201238;movie_theater;Ac. Ao Solar do Unhão - Dois de Julho  Salvador - BA  40060-110  Brazil
205;Cinépolis Bela Vista;-12.9657543;-38.4731422;movie_theater;R. dos Rodoviários  01 - Cabula  Salvador - BA  41150-125  Brazil
206;I Saui Pitoo Cinema e Bar;-12.9403698;-38.4795799;movie_theater;R. Ribeirão do Amparo  3 - Cabula IV  Salvador - BA  40352-216  Brazil
207;DIMAS- Diretoria de Audiovisual da Fundação Cultural do Estado da Bahia;-12.9745962;-38.5115384;movie_theater;Tv. do Tijolo  15 - Centro Historico  Salvador - BA  40020-247  Brazil
208;Casa de Cinema da Bahia;-12.9725511;-38.508565;movie_theater;R. Maciel de Cima  21 - Pelourinho  Salvador - BA  40026-250  Brazil
209;Cinépolis;-12.9699699;-38.47464009999999;movie_theater;Alameda Euvaldo Luz  92 - Horto Bela Vista  Salvador - BA  41098-020  Brazil
210;Cultural Afro Brazilian Museum;-12.976115;-38.5125691;museum;R. das Vassouras  1-23 - Centro  Salvador - BA  40020-020  Brazil
211;Bahia Naútico Museum;-13.0102783;-38.5328507;museum;Largo do Farol da Barra  s/n - Barra  Salvador - BA  40140-650  Brazil
212;Bahia Museum of Art;-12.9936599;-38.5259563;museum;Av. Sete de Setembro  2340 - Corredor da Vitória  Salvador - BA  40080-004  Brazil
213;Palace of Arts;-12.9978807;-38.5255849;museum;R. da Graça  284 - Graça  Salvador - BA  40150-060  Brazil
214;House and Chapel of the Former Quinta do Unhão;-12.9827887;-38.5204928;museum;Av. Contôrno  s/n - Dois de Julho  Salvador - BA  40301-110  Brazil
215;Bahia Geological Museum;-12.9926116;-38.5254522;museum;Av. Sete de Setembro  2195 - Vitória  Salvador - BA  40080-002  Brazil
216;Afro-Brazilian Museum UFBA;-12.9727902;-38.5098637;museum;Largo Terreiro de Jesus  010 - s/n - Pelourinho  Salvador - BA  40026-010  Brazil
217;Museu de Arte Moderna da Bahia - MAM;-12.9826484;-38.5206628;museum;Av. Lafayete Coutinho  s/n - Comercio  Salvador - BA  40301-155  Brazil
218;Casa do Carnaval da Bahia;-12.9724854;-38.5108757;museum;Praça Ramos de Queirós  s/n - Pelourinho  Salvador - BA  40026-055  Brazil
219;Museum of Mercy;-12.9737696;-38.5118176;museum;R. da Misericórdia  06 - Centro Histórico  Salvador - BA  40020-200  Brazil
220;Palace of Acclamation;-12.9863235;-38.52077070000001;museum;Av. Sete de Setembro  1330 - Campo Grande  Salvador - BA  40080-001  Brazil
221;Museu da Gastronomia Baiana;-12.971313;-38.508221;museum;Largo do Pelourinho  13/19 - Pelourinho  Salvador - BA  40026-280  Brazil
222;Museu de Arqueologia e Etnologia da UFBA;-12.9727133;-38.5098387;museum;Largo Terreiro de Jesus  s/n - Pelourinho  Salvador - BA  40026-010  Brazil
223;Muncab - National Museum of Afro Brazilian Culture;-12.9761485;-38.5124649;museum;R. das Vassouras  25 - Centro Histórico  Salvador - BA  40020-056  Brazil
224;Carlos Costa Pinto Museum;-12.9947599;-38.5273177;museum;Av. Sete de Setembro  2490 - Vitória  Salvador - BA  40080-005  Brazil
225;Museu Tempostal;-12.9728645;-38.5083826;museum;R. Gregório de Matos  33 - Pelourinho  Salvador - BA  40026-240  Brazil
226;Rio Branco Palace;-12.9749448;-38.5131671;museum;Praça Tomé de Souza  S/N - Centro  Salvador - BA  40020-000  Brazil
227;Church and Convent of Saint Teresa;-12.9789828;-38.5160198;museum;R. do Sodré  28 - Dois de Julho  Salvador - BA  40060-240  Brazil
228;Child Museum;-12.9609679;-38.4037754;museum;480  R. do Mangalô  152 - Patamares  Salvador - BA  41680-048  Brazil
229;Museum of Brazilian Music;-12.9738253;-38.508487;museum;R. das Laranjeiras  28 - Pelourinho  Salvador - BA  40026-230  Brazil
230;Beatlemania Experience Salvador;-12.9793321;-38.454943;museum;Alameda Salvador  545-579 - Stiep  Salvador - BA  41820-000  Brazil
231;Museu do Objeto Imaginário;-12.9718894;-38.50817;museum;R. Maciel de Baixo  13 - Pelourinho  Salvador - BA  40026-240  Brazil
232;Plano Inclinado Gonçalves Base;-12.9714346;-38.5108629;museum;R. Francisco Gonçalves  2 - Comercio  Salvador - BA  40015-090  Brazil
233;Fundo Do Mar;-13.0027564;-38.5332591;museum;Largo do Pôrto da Barra - Barra  Salvador - BA  40130-180  Brazil
234;Museum Eugenio Teixeira Leal;-12.9725057;-38.5092565;museum;R. do Açouguinho  1 - Pelourinho  Salvador - BA  40026-180  Brazil
235;Archaeological Museum of Embasa;-12.9566984;-38.4949036;museum;R. Saldanha Marinho  s/n - Caixa D'agua  Salvador - BA  40320-475  Brazil
236;Museu Abelardo Rodrigues;-12.8483246;-38.4693798;museum;R. Gregório de Matos  45 - Fazenda Coutos  Salvador - BA  40730-230  Brazil
237;Centro de Exposições do Centro Admnistrativo da Bahia;-12.9483535;-38.4275993;museum;390  1ª Avenida Centro Administrativo da Bahia  302 - Centro Administrativo da Bahia  Salvador - BA  41745-001  Brazil
238;House of the Seven Lamps;-12.9758895;-38.5117468;museum;R. de São Francisco  3 - Centro  Salvador - BA  40020-320  Brazil
239;Iglesia San Francisco De Asis;-12.9745902;-38.5089526;museum;Rua da Ordem Terceira  109-155 - Pelourinho  Salvador - BA  40026-260  Brazil
240;Rampa do Mercado;-12.9735705;-38.5147207;museum;Comercio  Salvador - State of Bahia  40015-520  Brazil
241;Memorial of the City of Salvador;-12.9748831;-38.5126065;museum;Câmara Municipal de - Comercio  Salvador - BA  44570-340  Brazil
242;Museu Abelardo Rodrigues;-12.9724846;-38.5083588;museum;R. Gregório de Matos  45 - Pelourinho  Salvador - BA  40026-240  Brazil
243;Casa-Museu Solar Santo Antônio;-12.9665368;-38.5058388;museum;R. Direita de Santo Antônio  177 - Santo Antônio Além do Carmo  Salvador - BA  40301-280  Brazil
244;Fundação João Augusto de Moraes - Museu do Objeto;-12.8487525;-38.4697431;museum;R. Gregório de Matos  13 - Pelourinho  Salvador - BA  40025-060  Brazil
245;Memorial das Baianas;-12.9736368;-38.5118011;museum;Cruz Caída  Praça da Sé - Pelourinho  Salvador - BA  40301-155  Brazil
246;Unzó De Mutalambô;-12.9516556;-38.450059;museum;Tv. Luís Cabral - Tancredo Neves  Salvador - BA  40301-110  Brazil
247;Museu Doméstico;-12.959963;-38.50014;museum;Rua Professor Viegas  78 - Barbalho  Salvador - BA  40301-075  Brazil
248;Complexo Novo Paraíso;-12.979238;-38.4381356;museum;Tv. Boca do Rio - Armação  Salvador - BA  41750-520  Brazil
249;Galeria stones;-12.973001;-38.5128083;museum;Praça Visconde de cairu mercado modelo quadra c box 6 - Comercio  Salvador - BA  40015-170  Brazil
250;Zen Salvador;-13.0110668;-38.4907581;night_club;Rua Conselheiro Pedro Luiz  311 - Rio Vermelho  Salvador - BA  41950-610  Brazil
251;Platinum Lounge and Bar | savior;-12.9840784;-38.4358024;night_club;Av. Simon Bolívar  166 - Armação  Salvador - BA  41750-230  Brazil
252;Salvador;-13.0058563;-38.5224837;night_club;R. Ari Barroso  303 - Chame-Chame  Salvador - BA  40157-300  Brazil
253;Boates aconchegantes;-12.9722538;-38.5013832;night_club;R. do Limoeiro  106 - Nazaré  Salvador - BA  40055-150  Brazil
254;Heliponto Espanhol Salvador;-13.0059432;-38.5092502;night_club;Ondina  Salvador - State of Bahia  40170-010  Brazil
255;Ed Dez Casa de Show;-12.9723846;-38.5013756;night_club;R. do Limoeiro  112 - Nazaré  Salvador - BA  40055-150  Brazil
256;SAN;-13.0125301;-38.4900135;night_club;Rua Conselheiro Pedro Luiz  488 - Rio Vermelho  Salvador - BA  41950-610  Brazil
257;Abaeté Show;-12.9445514;-38.3609348;night_club;Largo do Abaeté  11 - Itapuã  Salvador - BA  41610-510  Brazil
258;Praça Pedro Arcanjo;-12.9736287;-38.5084322;night_club;66  Rua da Ordem Terceira  2 - Pelourinho  Salvador - BA  40026-260  Brazil
259;Espaço Cultural Chico Leite;-12.9400785;-38.3716619;night_club;R. Bela Vista  415-411 - Itapuã  Salvador - BA  41615-302  Brazil
260;Commons Studio Bar;-13.013547;-38.486023;night_club;R. Odilon Santos  224 - Rio Vermelho  Salvador - BA  41940-350  Brazil
261;FindTarde;-12.9408172;-38.3677522;night_club;R. Santa Luzia  54 - Itapuã  Salvador - BA  41620-660  Brazil
262;SalCity;-12.9317616;-38.5072141;night_club;Av. Dendezeiros do Bonfim - Roma  Salvador - BA  40444-130  Brazil
263;Cais Dourado;-12.9669189;-38.50897399999999;night_club;Av. Jequitaia  20-22 - Calçada  Salvador - BA  40411-120  Brazil
264;30 Segundos Bar;-13.0092794;-38.4915051;night_club;R. Ilhéus  21 - Rio Vermelho  Salvador - BA  41940-570  Brazil
265;Kannário's House;-12.9482855;-38.4941699;night_club;R. Camamu  18 - Liberdade  Salvador - BA  40000-000  Brazil
266;Bendito Eventos e Cerimonial;-12.9185065;-38.3637277;night_club;R. Prof. Plínio Garcez de Sena  42 - 1 andar - Mussurunga I  Salvador - BA  41480-225  Brazil
267;Muro;-12.9637228;-38.5004518;night_club;Rua Professor Viegas  14 - Barbalho  Salvador - BA  40301-075  Brazil
268;LGBT Night Club;-12.9928519;-38.5247294;night_club;Av. Reitor Miguel Calmon  2596-2754 - Canela  Salvador - BA  40231-300  Brazil
269;ESPAÇO LEGAL;-12.9510982;-38.4938153;night_club;Rua Gáspar de Lemos - Liberdade  Salvador - BA  40301-155  Brazil
270;Praça Mestre Paulo dos Anjos;-12.9377874;-38.3814273;park;Piata  Salvador - State of Bahia  41650-195  Brazil
271;Parquinho;-12.9471357;-38.3704738;park;41635-370  R. Beijupirá  271-341 - Jardim Placaford  Salvador - BA  Brazil
272;Valentine Garden;-13.0024043;-38.4509683;park;Av. Octávio Mangabeira  Salvador - BA  41810-700  Brazil
273;Square Ana Lucia Magalhaes;-12.9932133;-38.4613782;park;Itaigara  Salvador - State of Bahia  41810-010  Brazil
274;Parque da Cidade Joventino Silva;-12.9964227;-38.4736252;park;Av. Antônio Carlos Magalhães  s/n - Itaigara  Salvador - BA  41815-420  Brazil
275;Lagoa de Piatã;-12.9509874;-38.3930543;park;Jaguaribe  Salvador - State of Bahia  Brazil
276;Salvador Zoo and Botanical Park;-13.0094574;-38.5047836;park;Tv. Alto de Ondina  s/n - Ondina  Salvador - BA  40170-110  Brazil
277;MONTE DE ITAPUÃ;-12.9324405;-38.356808;park;Itapuã  Salvador - State of Bahia  41600-090  Brazil
278;Dunas de Itapuã;-12.9323925;-38.3574718;park;2396  Av. Dorival Caymmi  2170 - Itapuã  Salvador - BA  41635-152  Brazil
279;Largo Terreiro de Jesus;-12.9731092;-38.5099144;park;Pelourinho  Salvador - State of Bahia  40301-155  Brazil
280;Sede Administrativa do Parque Metropolitano de Pituaçu;-12.9672827;-38.4127753;park;Av. Netuno  4c - Pituaçu  Salvador - BA  41740-450  Brazil
281;Praça Aquarius;-12.9869102;-38.4524409;park;89  R. Dr. Eduardo Bahiana  39 - Pituba  Salvador - BA  41810-600  Brazil
282;Praça Elias Otávio Oliveira Martins;-12.9352919;-38.3763472;park;R. Pasqualle Gatto - Itapuã  Salvador - BA  41301-110  Brazil
283;Parque Ambiental Jornalista Robson Brazzis;-12.9026295;-38.4059547;park;2 8B - Condomínio Residencial Fazenda Grande  Estr. do Coqueiro Grande  1 - 8B - Cajazeiras 10  Salvador - BA  41342-118  Brazil
284;Praça Barros Reis;-12.9633805;-38.47905859999999;park;Av. Barros Reis  401-421 - São Goncalo  Salvador - BA  40310-060  Brazil
285;Parque dos Ventos;-12.9810735;-38.4293597;park;Avenida Otávio Mangabeira  S/N - Boca do Rio  Salvador - BA  41706-690  Brazil
286;Praça Orungan;-13.0080127;-38.5184597;park;Praça Santos Dumont  1-17 - Barra  Salvador - BA  41830-650  Brazil
287;Stella Maris Square;-12.9394345;-38.3407366;park;352  Alameda Praia de Guarapari  294 - Stella Maris  Salvador - BA  Brazil
288;Praça Herculina Pineiro Pineiro;-12.9339035;-38.3751419;park;R. Pasqualle Gatto - Itapuã  Salvador - BA  41301-110  Brazil
289;Praça da II;-12.9019002;-38.403067;park;Cajazeiras  Salvador - State of Bahia  41342-430  Brazil
290;Mistura;-12.9545294;-38.3549363;restaurant;R. Prof. Souza Brito  41 - Itapuã  Salvador - BA  41640-485  Brazil
291;PANIVINI Mercado do Rio Vermelho;-13.0020354;-38.4821206;restaurant;Mercado - Av. Juracy Magalhães Júnior  1624 - box 59 - Rio Vermelho  Salvador - BA  41940-060  Brazil
292;Restaurante Casa de Tereza;-13.0138807;-38.4876938;restaurant;R. Odilon Santos  45 - Rio Vermelho  Salvador - BA  41940-350  Brazil
293;Casa di Vina Restaurante;-12.9545998;-38.3523016;restaurant;R. Flamengo  44 - Itapuã  Salvador - BA  41635-480  Brazil
294;Saúde Brasil;-12.9964913;-38.5212159;restaurant;R. Humberto de Campos  6 - Graça  Salvador - BA  40150-130  Brazil
295;Restaurante Sabores de Itapuã;-12.9499623;-38.3508817;restaurant;Hotel Deville Prime Salvador - Alameda Passárgada  sem número - Itapuã  Salvador - BA  41620-430  Brazil
296;Restaurante Senac Casa do Comércio;-12.9801889;-38.4564028;restaurant;Casa do Comércio - Av. Tancredo Neves  1109 - Caminho das Árvores  Salvador - BA  41820-021  Brazil
297;Camarada Camarão - Salvador;-12.9780021;-38.4545681;restaurant;Av. Tancredo Neves  3133 - Caminho das Árvores  Salvador - BA  41820-021  Brazil
298;Paraíso Tropical;-12.9602085;-38.4636202;restaurant;Rua Edgard Loureiro  98 - B - Cabula  Salvador - BA  40342-100  Brazil
299;Restaurante Poró;-12.9678893;-38.5071923;restaurant;R. do Carmo  13 - Santo Antônio Além do Carmo  Salvador - BA  40301-380  Brazil
300;Boi Preto Prime;-12.9836148;-38.4350783;restaurant;Av. Octávio Mangabeira  5095 - Boca do Rio  Salvador - BA  41750-240  Brazil
301;Restaurante Yemanjá;-12.9874244;-38.4354071;restaurant;Av. Octávio Mangabeira  4661 - Armação  Salvador - BA  41750-240  Brazil
302;A Porteira;-12.9745466;-38.4200946;restaurant;Av. Dom Eugênio Sales  96 - Boca do Rio  Salvador - BA  41706-670  Brazil
303;Restaurante Coco Bambu Bahia e Espaço de Eventos;-12.9887414;-38.4502874;restaurant;Av. Prof. Magalhães Neto  1273 - Pituba  Salvador - BA  41810-720  Brazil
304;Restaurante Donana - Brotas;-12.9864169;-38.4740341;restaurant;Centro Comercial do Conjunto dos Comerciários  R. Teixeira Barros  s/n - Brotas  Salvador - BA  40276-150  Brazil
305;Pasta em Casa;-13.012401;-38.491122;restaurant;Rua Professora Almerinda Dultra  67 - Rio Vermelho  Salvador - BA  41950-090  Brazil
306;Restaurante Brasil Legal;-13.0089958;-38.5307855;restaurant;R. Afonso Celso  152 - Barra  Salvador - BA  40140-230  Brazil
307;Cathedrall;-12.94339;-38.33917;restaurant;Alameda Praia de Camburiú  16 - Stella Maris  Salvador - BA  41600-250  Brazil
308;Sal e Brasa Salvador;-12.9706892;-38.4128896;restaurant;R. Carimbamba  917 - Pituaçu  Salvador - BA  41740-010  Brazil
309;Restaurante Barravento;-13.009566;-38.5254147;restaurant;Av. Oceânica  814 - Barra  Salvador - BA  40170-010  Brazil
310;Porto Brasil;-12.9918717;-38.4532083;restaurant;Rua Miguel Navarro Y Cañizares  428 - Pituba  Salvador - BA  41810-215  Brazil
311;Al Mare;-12.9781259;-38.4542136;restaurant;Av. Tancredo Neves  3133 - Loja 1034 - Caminho das Árvores  Salvador - BA  41820-000  Brazil
312;Ki-Mukeka (Armação);-12.9919151;-38.4390855;restaurant;Av. Octávio Mangabeira  136 Jardim - Armação  Salvador - BA  41750-240  Brazil
313;Zanzibar;-12.9663984;-38.5057312;restaurant;R. Direita de Santo Antônio  60-B - Santo Antônio Além do Carmo  Salvador - BA  40301-280  Brazil
314;Bar Zulu;-12.9742321;-38.5082679;restaurant;R. das Laranjeiras  15 - Pelourinho  Salvador - BA  40026-230  Brazil
315;Rango Vegan;-12.9693377;-38.5080026;restaurant;R. do Passo  nº 62 - Santo Antonio  Salvador - BA  40301-408  Brazil
316;Rua 15 Restaurante e Bar;-12.9795299;-38.4299455;restaurant;Av. Iemanjá - Boca do Rio  Salvador - BA  41710-755  Brazil
317;Restaurante Escola Senac Pelourinho;-12.9714281;-38.50823;restaurant;Largo do Pelourinho  13 - Comercio  Salvador - BA  40026-280  Brazil
318;Beach Stop;-12.932848;-38.3287828;restaurant;R. José Augusto Tourinho Dantas  214 - Stella Maris  Salvador - BA  41603-110  Brazil
319;Odoyá;-12.9737279;-38.5097515;restaurant;Largo do Cruzeiro de São Francisco  1 - Pelourinho  Salvador - BA  40020-280  Brazil
320;Salvador Dali Restaurante;-13.013451;-38.490166;restaurant;R. Borges dos Reis  11 - Rio Vermelho  Salvador - BA  41950-600  Brazil
321;Cuco Bistro;-12.9737359;-38.5094546;restaurant;Largo do Cruzeiro de São Francisco  6/4 - Pelourinho  Salvador - BA  40020-280  Brazil
322;Donaeva;-12.9396404;-38.3348327;restaurant;Rua Gilberto Freyre  Qd. E  Lt. 4 - Praia do Flamengo  Salvador - BA  41600-590  Brazil
323;Restaurante Uauá;-12.9722227;-38.5083829;restaurant;R. Maciel de Baixo  36 - Pelourinho  Salvador - BA  40026-240  Brazil
324;Touro Louco;-12.9445927;-38.3408498;restaurant;Alameda Praia de Camburiú  108 - Stella Maris  Salvador - BA  41600-460  Brazil
325;Sal Marinho;-12.999919;-38.456829;restaurant;R. Território do Rio Branco  219 - Pituba  Salvador - BA  41830-530  Brazil
326;Restaurante Pelô Bistrô;-12.9720629;-38.5090303;restaurant;Hotel Casa do Amarelindo - R. das Portas do Carmo  6 - Pelourinho  Salvador - BA  40026-290  Brazil
327;La Pulperia;-12.9911879;-38.4933922;restaurant;R. Novo Horizonte  39 - Acupe de Brotas  Salvador - BA  40290-735  Brazil
328;Bargaço;-12.9817304;-38.4365195;restaurant;e 19 Jardim - R. Antônio da Silva Coelho  Quadra 43  Lote 18 - Armação  Salvador - BA  41750-040  Brazil
329;Bistrô Paris 6 | Salvador;-12.981879;-38.4647813;restaurant;Av. Tancredo Neves  148 - Caminho das Árvores  Salvador - BA  41820-000  Brazil
330;Shanti Restaurante;-13.0114099;-38.4915357;restaurant;R. João Gomes  10 - Rio Vermelho  Salvador - BA  41940-100  Brazil
331;Restaurante Egeu;-12.9977527;-38.5279681;restaurant;Av. Sete de Setembro  2830 - Barra  Salvador - BA  40130-001  Brazil
332;Restaurante Mistura Contorno;-12.9818899;-38.5193998;restaurant;Cloc Marina Residence - Ladeira do Gabriel  334 - Dois de Julho  Salvador - BA  40301-110  Brazil
333;Restaurante Casa Lisboa;-13.0045969;-38.5173968;restaurant;R. Manuel Dias de Morais  35 - Jardim Apipema  Salvador - BA  40155-260  Brazil
334;Outback Steakhouse;-12.9818979;-38.4654037;restaurant;Av. Tancredo Neves  148 - Caminho das Árvores  Salvador - BA  41820-908  Brazil
335;Dona Mariquita;-13.013058;-38.486602;restaurant;R. do Meio  178 - Rio Vermelho  Salvador - BA  41490-426  Brazil
336;Spoleto;-12.9091616;-38.3517319;restaurant;Rodovia  BA-526  305 Loja 3012  Piso 3 Salvador Norte Shopping - São Cristóvão  Salvador - BA  41510-000  Brazil
337;Bella Napoli;-12.9862873;-38.4573583;restaurant;Alameda das Espatódeas  491 - Caminho das Árvores  Salvador - BA  41820-460  Brazil
338;Cremonini Ristorante;-12.9991247;-38.4597146;restaurant;R. Alexandre Herculano  18 - Pituba  Salvador - BA  41810-395  Brazil
339;Boteco do França;-13.0133314;-38.4900589;restaurant;R. Borges dos Reis  24-A - Rio Vermelho  Salvador - BA  41950-600  Brazil
340;Tudo Azul Restaurante Suíço-Brasileiro;-13.0035762;-38.5326219;restaurant;Porto da Barra  Av. Sete de Setembro  3701 - Barra  Salvador - BA  40140-110  Brazil
341;RESTAURANTE CARVÃO;-13.0056472;-38.5214896;restaurant;R. Prof. Sabino Silva  5 - Chame-Chame  Salvador - BA  40157-250  Brazil
342;Axego Restaurante e Bar;-12.9727302;-38.50887780000001;restaurant;R. Maciel de Cima  1 - Pelourinho  Salvador - BA  40026-250  Brazil
343;Restaurante Maria Mata Mouro;-12.9741116;-38.508693;restaurant;Rua da Ordem Terceira  08 - Pelourinho  Salvador - BA  40026-260  Brazil
344;Lôro - Praia do Flamengo;-12.9226105;-38.3148936;restaurant;R. Des. Manoel de Andrade Teixeira  266 - Praia do Flamengo  Salvador - BA  41603-135  Brazil
345;Sampa Restaurante;-12.9741846;-38.417973;restaurant;Av. Octávio Mangabeira  7327 - Boca do Rio  Salvador - BA  40411-010  Brazil
346;Gattai;-12.9777725;-38.4547118;restaurant;Av. Tancredo Neves  3133 - 25 - Caminho das Árvores  Salvador - BA  41820-910  Brazil
347;Ferreiro Café Salvador;-12.9778667;-38.4544654;restaurant;Av. Tancredo Neves  2915 - 1035 - Caminho das Árvores  Salvador - BA  41820-021  Brazil
348;Divino Fogão - Salvador Norte;-12.9094862;-38.3512129;restaurant;Rodovia  BA-526  305 - São Cristóvão  Salvador - BA  41510-000  Brazil
349;Restaurante Chez Bernard;-12.9845508;-38.52076599999999;restaurant;R. Gamboa de Cima  11 - Dois de Julho  Salvador - BA  40060-008  Brazil
350;Salvador Shopping;-12.9785389;-38.4550888;shopping_mall;Av. Tancredo Neves  3133 - Caminho das Árvores  Salvador - BA  41820-021  Brazil
351;Salvador Norte Shopping;-12.9090341;-38.3518871;shopping_mall;BA-526  305 - São Cristóvão  Salvador - BA  41510-000  Brazil
352;Shopping da Bahia;-12.9811659;-38.46503209999999;shopping_mall;Av. Tancredo Neves  148 - Caminho das Árvores  Salvador - BA  41820-972  Brazil
353;Shopping Paralela;-12.9365263;-38.3949236;shopping_mall;Av. Luís Viana Filho  8544 - Alphaville  Salvador - BA  41730-101  Brazil
354;Shopping salvador;-12.9789302;-38.4534531;shopping_mall;Av. Tancredo Neves  148 - Caminho das Árvores  Salvador - BA  41820-908  Brazil
355;Shopping Bela Vista;-12.9702525;-38.47424230000001;shopping_mall;Alameda Euvaldo Luz  92 - Horto Bela Vista  Salvador - BA  41098-020  Brazil
356;Shopping Sumaré;-12.982449;-38.4552975;shopping_mall;Av. Tancredo Neves  1506 - Caminho das Árvores  Salvador - BA  41820-020  Brazil
357;Shopping Bahiamar;-12.995574;-38.4479828;shopping_mall;Rua Arthur de Azevêdo Machado  497 - Costa Azul  Salvador - BA  41760-000  Brazil
358;Shopping Itaigara;-12.9964162;-38.4637345;shopping_mall;Av. Antônio Carlos Magalhães  656 - Pituba  Salvador - BA  41825-000  Brazil
359;Multishop Salvador - Boca do Rio;-12.975237;-38.4199417;shopping_mall;Av. Octávio Mangabeira  6929 - Boca do Rio  Salvador - BA  41706-690  Brazil
360;Shopping Capemi Salvador;-12.9831;-38.465;shopping_mall;R. da Alfazema  752 - Caminho das Árvores  Salvador - BA  41820-710  Brazil
361;Shopping da Bahia;-12.9816573;-38.4642196;shopping_mall;Av. Antônio Carlos Magalhães - Pituba  Salvador - BA  40301-155  Brazil
362;Salvador Automóveis;-12.925394;-38.377633;shopping_mall;Av. Luís Viana Filho  nº 13.090 - Itapuã  Salvador - BA  41620-000  Brazil
363;Kanucas;-12.9365739;-38.3952434;shopping_mall;Av. Luís Viana Filho  8544 - Paralela  Salvador - BA  41730-101  Brazil
364;Shopping Piedade;-12.9835518;-38.5130701;shopping_mall;Rua Conselheiro Junqueira Ayres  165 - Dois de Julho  Salvador - BA  40070-080  Brazil
365;Shopping Paralela;-12.9224162;-38.40984;shopping_mall;R. Vila Rita  2-40 - Vila 2 de Julho  Salvador - BA  41262-050  Brazil
366;Shopping Center Lapa;-12.9828521;-38.5139654;shopping_mall;R. Portão da Piedade  155 - Dois de Julho  Salvador - BA  40070-045  Brazil
367;Cia Marítima Salvador Shopping;-12.9954162;-38.4542581;shopping_mall;Salvador Shopping - Caminho das Árvores  Salvador - BA  41820-000  Brazil
368;Salvador shopping;-12.9777378;-38.5016363;shopping_mall;Nazaré  Salvador - State of Bahia  40045-050  Brazil
369;Shopping da Gente;-12.9790178;-38.4713903;shopping_mall;Av. Antônio Carlos Magalhães  4591 - Iguatemi  Salvador - BA  40280-901  Brazil
410;Itaipava Fonte Nova Arena;-12.97883;-38.5043711;stadium;Ladeira da Fonte das Pedras  s/n - Nazaré  Salvador - BA  40050-565  Brazil
411;Estádio Manoel Barradas - Barradão;-12.9195408;-38.4282201;stadium;R. Artêmio Castro Valente  1 - Canabrava  Salvador - BA  Brazil
412;Ponto Estadio Pituacu;-12.9442119;-38.4198979;stadium;Av. Luís Viana Filho  5492-5614 - Pituaçu  Salvador - BA  41680-400  Brazil
413;Estádio Parque Santiago;-12.982511;-38.47258619999999;stadium;Avenida Santiago de Compostela - Parque Bela Vista  Salvador - BA  40279-150  Brazil
416;Elevador Lacerda;-12.9744257;-38.5130232;tourist_attraction;Praça Tomé de Souza  S/N - Centro  Salvador - BA  40020-000  Brazil
417;Farol da Barra - Forte de Santo Antônio da Barra;-13.0103389;-38.532898;tourist_attraction;Largo do Farol da Barra  S/N - Barra  Salvador - BA  40140-650  Brazil
418;Mercado Modelo;-12.9734462;-38.5133523;tourist_attraction;Praça Visc. de Cayru  s/n - Comercio  Salvador - BA  40015-170  Brazil
419;Largo do Pelourinho;-12.9715916;-38.5083826;tourist_attraction;Largo do Pelourinho - Pelourinho  Salvador - BA  40026-280  Brazil
420;a Casa do Rio Vermelho;-13.007743;-38.4897292;tourist_attraction;R. Alagoinhas  33 - Rio Vermelho  Salvador - BA  41940-620  Brazil
421;Dique do Tororó;-12.9839128;-38.5043398;tourist_attraction;Av. Vasco da Gama  212 - Engenho Velho de Brotas  Salvador - BA  40240-090  Brazil
422;Centro Histórico;-12.9755815;-38.513305;tourist_attraction;Centro  R. Chile - Comercio  Salvador - BA  40020-180  Brazil
423;Forte São Diogo (Espaço Carybé das Artes);-13.0022118;-38.5324357;tourist_attraction;R. do Forte de São Diogo  s/n - Porto da Barra  Salvador - BA  40130-170  Brazil
424;The girls monument of Brazil (Chubs);-13.0101438;-38.5092151;tourist_attraction;93  Av. Adhemar de Barros  19 - Ondina  Salvador - BA  Brazil
425;Itapuã Lighthouse;-12.9570655;-38.3536886;tourist_attraction;Rua Farol de Itapuã S/N - Itapuã  Salvador - BA  41630-240  Brazil
426;Salvador Zoo and Botanical Park;-13.0094574;-38.5047836;tourist_attraction;Tv. Alto de Ondina  s/n - Ondina  Salvador - BA  40170-110  Brazil
427;Ponta do Humaitá - Bairro Monte Serrat;-12.9285823;-38.5195225;tourist_attraction;R. da Boa Viagem  56 - Monte Serrat  Salvador - BA  40414-610  Brazil
428;Arquepiscopal Palace Salvador;-12.973381;-38.5113398;tourist_attraction;Praça da Sé  203-47 - Pelourinho  Salvador - BA  40020-210  Brazil
429;Prainha do Solar do Unhão;-12.9812201;-38.5198256;tourist_attraction;Rua da Conceição da Praia  1040-1142 - Comercio  Salvador - BA  40301-110  Brazil
430;PontosBr;-13.0068019;-38.5286278;tourist_attraction;R. do Gavaza  24 - Barra  Salvador - BA  40140-670  Brazil
431;Cathedral of Salvador;-12.9728526;-38.5104604;tourist_attraction;Largo Terreiro de Jesus  s/n - Pelourinho  Salvador - BA  40020-210  Brazil
432;House and Chapel of the Former Quinta do Unhão;-12.9827887;-38.5204928;tourist_attraction;Av. Contôrno  s/n - Dois de Julho  Salvador - BA  40301-110  Brazil
433;Estátua Zumbi dos Palmares;-12.973382;-38.5110226;tourist_attraction;Praça da Sé  15-23 - Pelourinho  Salvador - BA  40020-210  Brazil
434;Barraca da Deyse;-12.8118467;-38.4909047;tourist_attraction;R. Benjamin de Souza - São Tomé de Paripe  Salvador - BA  40800-201  Brazil
435;Cultural Area Barroquinha;-12.977465;-38.5145023;tourist_attraction;Rua do Couro  s/ n - Barroquinha  Salvador - BA  40020-160  Brazil
436;Monumento Mãe Stella De Oxóssi;-12.9218333;-38.3523887;tourist_attraction;Itapuã  Salvador - State of Bahia  41600-090  Brazil
437;Abaeté Lagoon;-12.9450766;-38.3572362;tourist_attraction;Itapuã  Salvador - State of Bahia  41600-090  Brazil
438;Letreiro Salvador;-12.974585;-38.5127509;tourist_attraction;R. Chile  2 - Centro  Salvador - BA  40020-020  Brazil
439;Bahia Geological Museum;-12.9926116;-38.5254522;tourist_attraction;Av. Sete de Setembro  2195 - Vitória  Salvador - BA  40080-002  Brazil
440;Forte de Santo Antônio além do Carmo;-12.9636017;-38.5039186;tourist_attraction;Largo de Santo Antônio Além do Carmo  s/n - Santo Antonio  Salvador - BA  40301-330  Brazil
441;Enseada do Cabrito;-12.9052954;-38.4814237;tourist_attraction;R. Sá Oliveira  Salvador - BA  40490  Brazil
442;Praia da Ribeira;-12.9194752;-38.5019571;tourist_attraction;R. Domingos Abreu Viêira  20 - Vila Ruy Barbosa  Salvador - BA  40420-850  Brazil
443;Basílica do Senhor do Bonfim;-12.9237266;-38.5080816;tourist_attraction;Largo do Bonfim  s/n - Bonfim  Salvador - BA  40415-475  Brazil
444;Praça da Sé;-12.9729434;-38.5108744;tourist_attraction;Praça da Sé - Comercio  Salvador - BA  40301-110  Brazil
445;Prédio da SULACAP;-12.9781558;-38.51470630000001;tourist_attraction;Av. Sete de Setembro  62 - Dois de Julho  Salvador - BA  40060-045  Brazil
446;Foundation Casa de Jorge Amado;-12.9716921;-38.5084926;tourist_attraction;Largo do Pelourinho  15 - Pelourinho  Salvador - BA  40026-280  Brazil
447;Deivison Artes Mulher de Areia;-12.968242;-38.4064302;tourist_attraction;Salvador - State of Bahia  41740-000  Brazil
448;Bahia Museum of Art;-12.9936599;-38.5259563;tourist_attraction;Av. Sete de Setembro  2340 - Corredor da Vitória  Salvador - BA  40080-004  Brazil
449;Casa do Carnaval da Bahia;-12.9724854;-38.5108757;tourist_attraction;Praça Ramos de Queirós  s/n - Pelourinho  Salvador - BA  40026-055  Brazil
450;Estátua de J. J. Seabra;-12.9714273;-38.5127752;tourist_attraction;Comercio  Salvador - State of Bahia  40301-155  Brazil
451;Pé do Conselho;-13.0153064;-38.4884599;tourist_attraction;R. Monte Conselho  260 - Rio Vermelho  Salvador - BA  41940-370  Brazil
452;Roma Beach;-12.9383674;-38.5066421;tourist_attraction;R. Alzira  1 - Roma  Salvador - BA  40444-080  Brazil
453;Afro-Brazilian Museum UFBA;-12.9727902;-38.5098637;tourist_attraction;Largo Terreiro de Jesus  010 - s/n - Pelourinho  Salvador - BA  40026-010  Brazil
454;PRAIA DOS COMPLEXADOS;-13.0096591;-38.4956519;tourist_attraction;Rio Vermelho  Salvador - State of Bahia  41950-000  Brazil
455;Cultural Afro Brazilian Museum;-12.976115;-38.5125691;tourist_attraction;R. das Vassouras  1-23 - Centro  Salvador - BA  40020-020  Brazil
456;Salvador Zoo and Botanical Park;-13.0094574;-38.5047836;zoo;Tv. Alto de Ondina  s/n - Ondina  Salvador - BA  40170-110  Brazil
457;MIni Zoo (animais domésticos);-12.9455445;-38.3401746;zoo;Stella Maris  Salvador - State of Bahia  41600-090  Brazil
